,word_count,char_count,sly_count,level
0,64,567,182,0.7849462365591398
1,11,85,27,0.4731182795698925
2,9,63,22,0.4659498207885304
3,5,44,16,0.6774193548387097
4,12,94,32,0.5412186379928315
5,11,74,20,0.28673835125448033
6,62,571,186,0.8243727598566308
7,13,103,31,0.4623655913978495
8,14,118,36,0.5197132616487455
9,6,47,15,0.46953405017921146
10,15,101,28,0.3154121863799283
11,5,32,10,0.31899641577060933
12,15,101,28,0.3154121863799283
13,25,123,41,0.2831541218637993
14,45,254,83,0.41577060931899645
15,22,139,44,0.3799283154121864
16,10,63,18,0.2759856630824373
17,11,64,21,0.31182795698924726
18,2,8,2,0.0035842293906810374
19,10,63,18,0.2759856630824373
20,11,64,21,0.31182795698924726
21,17,107,37,0.41577060931899645
22,7,55,19,0.5376344086021505
23,18,110,38,0.4014336917562724
24,12,70,22,0.2939068100358423
25,14,85,25,0.28673835125448033
26,7,55,19,0.5376344086021505
27,18,110,38,0.4014336917562724
28,12,70,22,0.2939068100358423
29,14,85,25,0.28673835125448033
30,7,55,19,0.5376344086021505
31,18,110,38,0.4014336917562724
32,12,70,22,0.2939068100358423
33,14,85,25,0.28673835125448033
34,7,55,19,0.5376344086021505
35,18,110,38,0.4014336917562724
36,12,70,22,0.2939068100358423
37,14,85,25,0.28673835125448033
38,16,109,37,0.4516129032258065
39,17,115,39,0.44802867383512546
40,26,166,46,0.3261648745519713
41,6,36,10,0.2222222222222222
42,14,102,28,0.35125448028673834
43,15,106,34,0.4336917562724014
44,26,166,46,0.3261648745519713
45,6,36,10,0.2222222222222222
46,14,102,28,0.35125448028673834
47,15,106,34,0.4336917562724014
48,26,166,46,0.3261648745519713
49,6,36,10,0.2222222222222222
50,14,102,28,0.35125448028673834
51,15,106,34,0.4336917562724014
52,26,166,46,0.3261648745519713
53,6,36,10,0.2222222222222222
54,14,102,28,0.35125448028673834
55,15,106,34,0.4336917562724014
56,16,105,34,0.3978494623655914
57,20,142,45,0.4444444444444444
58,11,77,26,0.44802867383512546
59,11,77,26,0.44802867383512546
60,7,44,16,0.4121863799283154
61,8,50,17,0.3691756272401434
62,7,44,16,0.4121863799283154
63,8,50,17,0.3691756272401434
64,16,98,32,0.3584229390681004
65,7,46,13,0.2831541218637993
66,29,198,66,0.48745519713261654
67,26,169,53,0.4086021505376344
68,6,30,8,0.12186379928315416
69,7,42,12,0.24014336917562729
70,6,20,8,0.12186379928315416
71,6,30,8,0.12186379928315416
72,7,42,12,0.24014336917562729
73,6,20,8,0.12186379928315416
74,6,30,8,0.12186379928315416
75,7,42,12,0.24014336917562729
76,7,37,12,0.24014336917562729
77,15,112,39,0.5340501792114696
78,17,98,32,0.3261648745519713
79,25,201,59,0.49820788530465954
80,7,45,14,0.3261648745519713
81,4,17,8,0.3154121863799283
82,14,69,24,0.2652329749103942
83,25,159,50,0.3906810035842294
84,19,140,43,0.4444444444444444
85,10,62,20,0.3369175627240143
86,15,105,31,0.3763440860215054
87,36,252,70,0.41577060931899645
88,12,105,35,0.6200716845878136
89,31,201,56,0.3548387096774194
90,12,105,35,0.6200716845878136
91,31,201,56,0.3548387096774194
92,12,105,35,0.6200716845878136
93,18,139,43,0.48028673835125446
94,17,107,32,0.3261648745519713
95,18,119,36,0.3655913978494624
96,9,65,20,0.4014336917562724
97,11,66,20,0.28673835125448033
98,9,66,23,0.49820788530465954
99,15,94,31,0.3763440860215054
100,9,66,23,0.49820788530465954
101,15,94,31,0.3763440860215054
102,9,66,23,0.49820788530465954
103,7,45,16,0.4121863799283154
104,13,94,31,0.4623655913978495
105,18,113,35,0.3476702508960573
106,13,94,31,0.4623655913978495
107,18,113,35,0.3476702508960573
108,13,94,31,0.4623655913978495
109,18,118,37,0.38351254480286734
110,19,125,37,0.3548387096774194
111,22,143,44,0.3799283154121864
112,27,181,55,0.4086021505376344
113,11,67,22,0.34050179211469533
114,13,73,25,0.3261648745519713
115,27,181,55,0.4086021505376344
116,11,67,22,0.34050179211469533
117,13,73,25,0.3261648745519713
118,27,181,55,0.4086021505376344
119,11,67,22,0.34050179211469533
120,13,73,25,0.3261648745519713
121,9,50,18,0.33333333333333337
122,1,4,1,0.0
123,6,17,6,0.017921146953404965
124,2,7,2,0.0035842293906810374
125,6,26,10,0.2222222222222222
126,1,4,1,0.0
127,6,17,6,0.017921146953404965
128,2,7,2,0.0035842293906810374
129,18,103,31,0.2831541218637993
130,12,70,21,0.26881720430107525
131,4,15,5,0.08602150537634412
132,12,70,21,0.26881720430107525
133,18,114,37,0.38351254480286734
134,10,45,13,0.1254480286738351
135,5,22,8,0.19713261648745517
136,1,1,1,0.0
137,12,65,20,0.2437275985663082
138,7,23,7,0.021505376344086002
139,5,22,8,0.19713261648745517
140,1,1,1,0.0
141,12,65,20,0.2437275985663082
142,7,23,7,0.021505376344086002
143,5,22,8,0.19713261648745517
144,1,1,1,0.0
145,12,65,20,0.2437275985663082
146,11,54,17,0.20430107526881724
147,2,10,3,0.1577060931899642
148,10,56,17,0.24731182795698925
149,11,54,17,0.20430107526881724
150,2,10,3,0.1577060931899642
151,10,56,17,0.24731182795698925
152,17,93,29,0.2724014336917563
153,20,100,27,0.17562724014336917
154,25,192,61,0.5197132616487455
155,13,102,36,0.5770609318996416
156,15,102,33,0.41577060931899645
157,13,102,36,0.5770609318996416
158,16,116,37,0.4516129032258065
159,7,58,16,0.4121863799283154
160,10,66,21,0.3655913978494624
161,18,130,39,0.41577060931899645
162,11,71,21,0.31182795698924726
163,4,28,7,0.24014336917562729
164,18,130,39,0.41577060931899645
165,11,71,21,0.31182795698924726
166,4,28,7,0.24014336917562729
167,18,130,39,0.41577060931899645
168,11,71,21,0.31182795698924726
169,7,42,14,0.3261648745519713
170,17,114,34,0.36200716845878134
171,2,9,3,0.1577060931899642
172,17,114,34,0.36200716845878134
173,8,62,18,0.40501792114695345
174,6,29,11,0.2724014336917563
175,9,59,15,0.2329749103942652
176,15,99,30,0.3548387096774194
177,17,117,40,0.4659498207885304
178,9,59,15,0.2329749103942652
179,15,99,30,0.3548387096774194
180,17,117,40,0.4659498207885304
181,9,59,15,0.2329749103942652
182,15,99,30,0.3548387096774194
183,17,117,40,0.4659498207885304
184,8,44,11,0.13978494623655913
185,8,48,15,0.29032258064516125
186,8,47,13,0.21505376344086025
187,16,112,33,0.3763440860215054
188,14,104,34,0.4767025089605734
189,17,107,33,0.34408602150537637
190,7,47,13,0.2831541218637993
191,14,104,34,0.4767025089605734
192,17,107,33,0.34408602150537637
193,7,47,13,0.2831541218637993
194,14,104,34,0.4767025089605734
195,17,107,33,0.34408602150537637
196,7,47,13,0.2831541218637993
197,14,104,34,0.4767025089605734
198,17,107,33,0.34408602150537637
199,7,47,13,0.2831541218637993
200,11,80,26,0.44802867383512546
201,11,79,26,0.44802867383512546
202,11,80,26,0.44802867383512546
203,11,79,26,0.44802867383512546
204,9,60,22,0.4659498207885304
205,15,103,28,0.3154121863799283
206,14,105,34,0.4767025089605734
207,13,96,32,0.4838709677419355
208,9,60,22,0.4659498207885304
209,15,103,28,0.3154121863799283
210,14,105,34,0.4767025089605734
211,13,96,32,0.4838709677419355
212,9,60,22,0.4659498207885304
213,15,103,28,0.3154121863799283
214,14,105,34,0.4767025089605734
215,13,96,32,0.4838709677419355
216,9,60,22,0.4659498207885304
217,15,103,28,0.3154121863799283
218,14,105,34,0.4767025089605734
219,13,96,32,0.4838709677419355
220,14,100,34,0.4767025089605734
221,9,66,19,0.3655913978494624
222,6,30,8,0.12186379928315416
223,14,89,26,0.30824372759856633
224,2,12,3,0.1577060931899642
225,9,66,19,0.3655913978494624
226,6,30,8,0.12186379928315416
227,14,89,26,0.30824372759856633
228,2,12,3,0.1577060931899642
229,9,66,19,0.3655913978494624
230,6,30,8,0.12186379928315416
231,14,89,26,0.30824372759856633
232,11,57,18,0.22939068100358428
233,17,125,42,0.5017921146953406
234,12,85,25,0.3691756272401434
235,5,39,11,0.3799283154121864
236,11,77,23,0.3691756272401434
237,5,39,11,0.3799283154121864
238,11,77,23,0.3691756272401434
239,3,22,9,0.6129032258064516
240,10,80,30,0.6379928315412187
241,13,101,37,0.6021505376344086
242,11,78,28,0.5017921146953406
243,14,97,33,0.4551971326164874
244,11,78,28,0.5017921146953406
245,14,97,33,0.4551971326164874
246,15,125,44,0.6344086021505376
247,15,117,41,0.5734767025089607
248,21,149,46,0.4336917562724014
249,14,90,23,0.2437275985663082
250,12,76,26,0.39426523297491034
251,14,90,23,0.2437275985663082
252,14,89,30,0.39426523297491034
253,5,30,9,0.25806451612903225
254,2,13,4,0.30824372759856633
255,5,30,9,0.25806451612903225
256,17,127,40,0.4659498207885304
257,16,112,35,0.41577060931899645
258,6,49,16,0.5197132616487455
259,13,87,26,0.3476702508960573
260,6,44,12,0.32258064516129037
261,16,112,35,0.41577060931899645
262,6,49,16,0.5197132616487455
263,13,87,26,0.3476702508960573
264,6,44,12,0.32258064516129037
265,16,112,35,0.41577060931899645
266,6,49,16,0.5197132616487455
267,13,87,26,0.3476702508960573
268,6,44,12,0.32258064516129037
269,16,112,35,0.41577060931899645
270,6,49,16,0.5197132616487455
271,13,87,26,0.3476702508960573
272,6,44,12,0.32258064516129037
273,3,21,6,0.31182795698924726
274,6,31,10,0.2222222222222222
275,35,238,68,0.4121863799283154
276,16,107,32,0.3584229390681004
277,20,127,36,0.31182795698924726
278,16,107,32,0.3584229390681004
279,7,48,13,0.2831541218637993
280,21,129,37,0.3046594982078853
281,12,74,21,0.26881720430107525
282,23,149,42,0.32974910394265233
283,12,74,21,0.26881720430107525
284,23,149,42,0.32974910394265233
285,12,74,21,0.26881720430107525
286,10,70,21,0.3655913978494624
287,5,34,14,0.5591397849462365
288,16,101,33,0.3763440860215054
289,17,105,37,0.41577060931899645
290,13,82,26,0.3476702508960573
291,9,72,24,0.5304659498207885
292,13,71,19,0.18637992831541217
293,17,105,37,0.41577060931899645
294,13,82,26,0.3476702508960573
295,9,72,24,0.5304659498207885
296,13,71,19,0.18637992831541217
297,17,105,37,0.41577060931899645
298,13,82,26,0.3476702508960573
299,9,72,24,0.5304659498207885
300,13,71,19,0.18637992831541217
301,17,105,37,0.41577060931899645
302,13,82,26,0.3476702508960573
303,9,72,24,0.5304659498207885
304,13,71,19,0.18637992831541217
305,23,165,54,0.48745519713261654
306,15,88,26,0.2759856630824373
307,17,121,37,0.41577060931899645
308,21,154,51,0.5017921146953406
309,15,88,26,0.2759856630824373
310,17,121,37,0.41577060931899645
311,21,154,51,0.5017921146953406
312,15,88,26,0.2759856630824373
313,17,121,37,0.41577060931899645
314,21,154,51,0.5017921146953406
315,15,88,26,0.2759856630824373
316,17,121,37,0.41577060931899645
317,30,187,63,0.43727598566308246
318,17,117,39,0.44802867383512546
319,11,75,26,0.44802867383512546
320,12,85,28,0.4408602150537635
321,6,42,15,0.46953405017921146
322,17,119,37,0.41577060931899645
323,26,188,60,0.4838709677419355
324,6,42,15,0.46953405017921146
325,17,119,37,0.41577060931899645
326,26,188,60,0.4838709677419355
327,6,42,15,0.46953405017921146
328,17,119,37,0.41577060931899645
329,26,188,60,0.4838709677419355
330,6,42,15,0.46953405017921146
331,17,119,37,0.41577060931899645
332,7,46,15,0.3691756272401434
333,17,112,35,0.3799283154121864
334,19,124,38,0.3691756272401434
335,11,73,22,0.34050179211469533
336,6,40,13,0.37275985663082434
337,11,73,22,0.34050179211469533
338,16,104,32,0.3584229390681004
339,18,117,35,0.3476702508960573
340,16,104,32,0.3584229390681004
341,18,117,35,0.3476702508960573
342,20,135,44,0.4336917562724014
343,21,148,43,0.3906810035842294
344,16,121,37,0.4516129032258065
345,27,181,56,0.4229390681003584
346,16,121,37,0.4516129032258065
347,27,181,56,0.4229390681003584
348,16,121,37,0.4516129032258065
349,17,114,34,0.36200716845878134
350,11,79,26,0.44802867383512546
351,13,83,25,0.3261648745519713
352,11,79,26,0.44802867383512546
353,13,83,25,0.3261648745519713
354,11,79,26,0.44802867383512546
355,23,156,50,0.4336917562724014
356,4,38,13,0.6917562724014337
357,8,53,19,0.4408602150537635
358,16,111,39,0.48745519713261654
359,11,72,24,0.39426523297491034
360,4,26,8,0.3154121863799283
361,4,38,13,0.6917562724014337
362,8,53,19,0.4408602150537635
363,16,111,39,0.48745519713261654
364,11,72,24,0.39426523297491034
365,4,26,8,0.3154121863799283
366,4,38,13,0.6917562724014337
367,8,53,19,0.4408602150537635
368,16,111,39,0.48745519713261654
369,11,72,24,0.39426523297491034
370,4,26,8,0.3154121863799283
371,4,38,13,0.6917562724014337
372,8,53,19,0.4408602150537635
373,16,111,39,0.48745519713261654
374,11,72,24,0.39426523297491034
375,4,26,8,0.3154121863799283
376,4,38,13,0.6917562724014337
377,8,53,19,0.4408602150537635
378,16,111,39,0.48745519713261654
379,11,72,24,0.39426523297491034
380,32,250,78,0.5448028673835126
381,10,65,19,0.30824372759856633
382,6,43,13,0.37275985663082434
383,8,58,16,0.32974910394265233
384,14,99,32,0.4336917562724014
385,8,50,16,0.32974910394265233
386,10,73,25,0.4838709677419355
387,8,69,16,0.32974910394265233
388,9,55,17,0.30107526881720426
389,6,47,11,0.2724014336917563
390,9,55,17,0.30107526881720426
391,7,41,12,0.24014336917562729
392,13,92,31,0.4623655913978495
393,14,86,26,0.30824372759856633
394,7,41,12,0.24014336917562729
395,13,92,31,0.4623655913978495
396,14,86,26,0.30824372759856633
397,7,41,12,0.24014336917562729
398,13,92,31,0.4623655913978495
399,14,86,26,0.30824372759856633
400,21,151,47,0.4444444444444444
401,16,103,31,0.34050179211469533
402,15,125,39,0.5340501792114696
403,20,142,40,0.37275985663082434
404,21,142,41,0.36200716845878134
405,12,77,24,0.34408602150537637
406,2,11,2,0.0035842293906810374
407,20,142,40,0.37275985663082434
408,21,142,41,0.36200716845878134
409,12,77,24,0.34408602150537637
410,2,11,2,0.0035842293906810374
411,20,142,40,0.37275985663082434
412,21,142,41,0.36200716845878134
413,12,77,24,0.34408602150537637
414,2,11,2,0.0035842293906810374
415,20,142,40,0.37275985663082434
416,21,142,41,0.36200716845878134
417,12,77,24,0.34408602150537637
418,13,81,22,0.2544802867383512
419,10,69,25,0.4838709677419355
420,6,34,9,0.17204301075268813
421,10,69,25,0.4838709677419355
422,9,68,21,0.4336917562724014
423,11,78,23,0.3691756272401434
424,13,87,26,0.3476702508960573
425,18,126,39,0.41577060931899645
426,8,53,17,0.3691756272401434
427,17,121,41,0.4838709677419355
428,8,51,15,0.29032258064516125
429,18,132,43,0.48028673835125446
430,12,82,28,0.4408602150537635
431,12,87,28,0.4408602150537635
432,12,82,28,0.4408602150537635
433,8,59,17,0.3691756272401434
434,13,65,21,0.2329749103942652
435,9,41,13,0.16487455197132617
436,21,126,39,0.33333333333333337
437,17,122,36,0.3978494623655914
438,11,80,27,0.4731182795698925
439,20,141,46,0.4623655913978495
440,12,72,20,0.2437275985663082
441,11,80,27,0.4731182795698925
442,20,141,46,0.4623655913978495
443,12,72,20,0.2437275985663082
444,11,80,27,0.4731182795698925
445,20,141,46,0.4623655913978495
446,12,72,20,0.2437275985663082
447,17,130,42,0.5017921146953406
448,20,118,36,0.31182795698924726
449,14,103,33,0.4551971326164874
450,20,118,36,0.31182795698924726
451,19,131,41,0.4193548387096774
452,10,61,19,0.30824372759856633
453,23,158,47,0.3978494623655914
454,15,92,26,0.2759856630824373
455,16,94,27,0.2652329749103942
456,5,34,10,0.31899641577060933
457,10,66,21,0.3655913978494624
458,13,93,29,0.4193548387096774
459,8,57,18,0.40501792114695345
460,10,56,17,0.24731182795698925
461,8,65,15,0.29032258064516125
462,8,53,17,0.3691756272401434
463,13,88,28,0.39426523297491034
464,8,65,15,0.29032258064516125
465,8,53,17,0.3691756272401434
466,13,88,28,0.39426523297491034
467,8,65,15,0.29032258064516125
468,8,53,17,0.3691756272401434
469,13,88,28,0.39426523297491034
470,41,338,94,0.5340501792114696
471,19,141,49,0.5412186379928315
472,9,58,21,0.4336917562724014
473,21,135,40,0.3476702508960573
474,15,110,31,0.3763440860215054
475,14,126,38,0.5663082437275986
476,19,141,49,0.5412186379928315
477,9,58,21,0.4336917562724014
478,21,135,40,0.3476702508960573
479,15,110,31,0.3763440860215054
480,14,126,38,0.5663082437275986
481,19,141,49,0.5412186379928315
482,9,58,21,0.4336917562724014
483,21,135,40,0.3476702508960573
484,15,110,31,0.3763440860215054
485,14,126,38,0.5663082437275986
486,19,141,49,0.5412186379928315
487,9,58,21,0.4336917562724014
488,21,135,40,0.3476702508960573
489,15,110,31,0.3763440860215054
490,14,126,38,0.5663082437275986
491,19,141,49,0.5412186379928315
492,9,58,21,0.4336917562724014
493,21,135,40,0.3476702508960573
494,15,110,31,0.3763440860215054
495,6,50,18,0.6236559139784946
496,10,60,21,0.3655913978494624
497,15,100,32,0.39426523297491034
498,18,127,39,0.41577060931899645
499,15,120,41,0.5734767025089607
500,12,96,31,0.5161290322580645
501,11,83,28,0.5017921146953406
502,12,96,31,0.5161290322580645
503,10,67,20,0.3369175627240143
504,16,117,27,0.2652329749103942
505,15,110,35,0.4516129032258065
506,10,69,18,0.2759856630824373
507,12,97,30,0.49103942652329746
508,10,74,23,0.42652329749103945
509,10,69,18,0.2759856630824373
510,12,97,30,0.49103942652329746
511,10,74,23,0.42652329749103945
512,10,69,18,0.2759856630824373
513,12,97,30,0.49103942652329746
514,12,77,24,0.34408602150537637
515,2,3,2,0.0035842293906810374
516,1,1,1,0.0
517,12,91,30,0.49103942652329746
518,7,52,17,0.4516129032258065
519,13,92,30,0.43727598566308246
520,7,52,17,0.4516129032258065
521,13,92,30,0.43727598566308246
522,7,52,17,0.4516129032258065
523,41,225,73,0.38351254480286734
524,16,123,43,0.5627240143369175
525,11,79,21,0.31182795698924726
526,7,46,13,0.2831541218637993
527,9,60,17,0.30107526881720426
528,7,46,13,0.2831541218637993
529,12,89,23,0.31899641577060933
530,12,103,31,0.5161290322580645
531,12,88,27,0.4193548387096774
532,8,45,16,0.32974910394265233
533,5,43,11,0.3799283154121864
534,10,64,19,0.30824372759856633
535,6,35,11,0.2724014336917563
536,5,25,8,0.19713261648745517
537,6,35,11,0.2724014336917563
538,8,54,15,0.29032258064516125
539,14,84,23,0.2437275985663082
540,8,54,15,0.29032258064516125
541,14,84,23,0.2437275985663082
542,17,122,40,0.4659498207885304
543,14,97,28,0.35125448028673834
544,8,47,12,0.1792114695340502
545,8,46,15,0.29032258064516125
546,14,97,28,0.35125448028673834
547,8,47,12,0.1792114695340502
548,8,46,15,0.29032258064516125
549,14,97,28,0.35125448028673834
550,8,47,12,0.1792114695340502
551,8,46,15,0.29032258064516125
552,22,158,43,0.3655913978494624
553,15,106,32,0.39426523297491034
554,20,134,40,0.37275985663082434
555,11,83,24,0.39426523297491034
556,19,136,38,0.3691756272401434
557,15,106,32,0.39426523297491034
558,20,134,40,0.37275985663082434
559,11,83,24,0.39426523297491034
560,19,136,38,0.3691756272401434
561,15,106,32,0.39426523297491034
562,20,134,40,0.37275985663082434
563,11,83,24,0.39426523297491034
564,19,136,38,0.3691756272401434
565,15,106,32,0.39426523297491034
566,20,134,40,0.37275985663082434
567,11,83,24,0.39426523297491034
568,15,110,31,0.3763440860215054
569,12,91,28,0.4408602150537635
570,17,105,33,0.34408602150537637
571,16,101,32,0.3584229390681004
572,17,91,32,0.3261648745519713
573,6,40,12,0.32258064516129037
574,11,86,29,0.5304659498207885
575,13,109,40,0.6702508960573477
576,17,91,32,0.3261648745519713
577,6,40,12,0.32258064516129037
578,11,86,29,0.5304659498207885
579,13,109,40,0.6702508960573477
580,17,91,32,0.3261648745519713
581,6,40,12,0.32258064516129037
582,11,86,29,0.5304659498207885
583,13,109,40,0.6702508960573477
584,17,91,32,0.3261648745519713
585,6,40,12,0.32258064516129037
586,11,86,29,0.5304659498207885
587,13,109,40,0.6702508960573477
588,9,74,24,0.5304659498207885
589,5,35,10,0.31899641577060933
590,7,54,18,0.4946236559139785
591,5,35,10,0.31899641577060933
592,11,84,25,0.4229390681003584
593,10,68,21,0.3655913978494624
594,14,98,31,0.41577060931899645
595,9,62,20,0.4014336917562724
596,10,68,21,0.3655913978494624
597,14,98,31,0.41577060931899645
598,9,62,20,0.4014336917562724
599,10,68,21,0.3655913978494624
600,14,98,31,0.41577060931899645
601,12,73,23,0.31899641577060933
602,13,109,36,0.5770609318996416
603,21,134,34,0.2616487455197133
604,15,91,25,0.2544802867383512
605,16,106,29,0.30107526881720426
606,15,91,25,0.2544802867383512
607,16,106,29,0.30107526881720426
608,15,91,25,0.2544802867383512
609,27,182,52,0.3763440860215054
610,24,168,49,0.4014336917562724
611,18,133,43,0.48028673835125446
612,11,85,28,0.5017921146953406
613,5,35,11,0.3799283154121864
614,12,77,23,0.31899641577060933
615,22,128,39,0.31182795698924726
616,14,99,32,0.4336917562724014
617,29,220,68,0.5053763440860215
618,20,131,38,0.34408602150537637
619,13,112,37,0.6021505376344086
620,20,131,38,0.34408602150537637
621,17,155,49,0.6272401433691757
622,10,45,11,0.06451612903225812
623,12,88,30,0.49103942652329746
624,21,114,37,0.3046594982078853
625,4,7,4,0.010752688172043001
626,11,68,23,0.3691756272401434
627,3,4,3,0.007168458781361964
628,4,6,4,0.010752688172043001
629,23,148,45,0.37275985663082434
630,12,88,30,0.49103942652329746
631,21,114,37,0.3046594982078853
632,4,7,4,0.010752688172043001
633,11,68,23,0.3691756272401434
634,3,4,3,0.007168458781361964
635,4,6,4,0.010752688172043001
636,23,148,45,0.37275985663082434
637,12,88,30,0.49103942652329746
638,21,114,37,0.3046594982078853
639,4,7,4,0.010752688172043001
640,11,68,23,0.3691756272401434
641,3,4,3,0.007168458781361964
642,4,6,4,0.010752688172043001
643,23,148,45,0.37275985663082434
644,12,88,30,0.49103942652329746
645,21,114,37,0.3046594982078853
646,4,7,4,0.010752688172043001
647,11,68,23,0.3691756272401434
648,3,4,3,0.007168458781361964
649,4,6,4,0.010752688172043001
650,23,148,45,0.37275985663082434
651,12,88,30,0.49103942652329746
652,21,114,37,0.3046594982078853
653,4,7,4,0.010752688172043001
654,11,68,23,0.3691756272401434
655,3,4,3,0.007168458781361964
656,4,6,4,0.010752688172043001
657,36,222,66,0.3799283154121864
658,11,75,25,0.4229390681003584
659,23,122,35,0.24014336917562729
660,11,75,25,0.4229390681003584
661,23,122,35,0.24014336917562729
662,11,75,25,0.4229390681003584
663,18,106,32,0.29749103942652333
664,17,152,49,0.6272401433691757
665,36,264,81,0.5053763440860215
666,26,179,58,0.4623655913978495
667,13,83,24,0.30107526881720426
668,22,156,49,0.4444444444444444
669,13,83,24,0.30107526881720426
670,15,110,40,0.5519713261648745
671,14,111,34,0.4767025089605734
672,12,73,24,0.34408602150537637
673,11,85,29,0.5304659498207885
674,11,64,22,0.34050179211469533
675,7,35,11,0.19713261648745517
676,7,52,15,0.3691756272401434
677,7,63,21,0.6272401433691757
678,13,96,34,0.5304659498207885
679,20,157,49,0.5053763440860215
680,23,163,54,0.48745519713261654
681,13,96,34,0.5304659498207885
682,20,157,49,0.5053763440860215
683,23,163,54,0.48745519713261654
684,13,96,34,0.5304659498207885
685,20,157,49,0.5053763440860215
686,23,163,54,0.48745519713261654
687,13,96,34,0.5304659498207885
688,20,157,49,0.5053763440860215
689,41,252,84,0.4623655913978495
690,3,7,3,0.007168458781361964
691,17,112,38,0.4336917562724014
692,15,98,33,0.41577060931899645
693,17,131,43,0.5197132616487455
694,8,61,21,0.5161290322580645
695,15,98,33,0.41577060931899645
696,17,131,43,0.5197132616487455
697,8,61,21,0.5161290322580645
698,15,98,33,0.41577060931899645
699,17,131,43,0.5197132616487455
700,8,61,21,0.5161290322580645
701,15,105,29,0.33333333333333337
702,13,73,20,0.20788530465949817
703,9,48,14,0.19713261648745517
704,13,85,26,0.3476702508960573
705,5,44,15,0.6200716845878136
706,7,44,11,0.19713261648745517
707,9,48,14,0.19713261648745517
708,13,85,26,0.3476702508960573
709,5,44,15,0.6200716845878136
710,7,44,11,0.19713261648745517
711,9,48,14,0.19713261648745517
712,13,85,26,0.3476702508960573
713,5,44,15,0.6200716845878136
714,7,44,11,0.19713261648745517
715,9,48,14,0.19713261648745517
716,13,85,26,0.3476702508960573
717,5,44,15,0.6200716845878136
718,10,59,16,0.21505376344086025
719,3,23,7,0.4121863799283154
720,7,50,16,0.4121863799283154
721,6,46,15,0.46953405017921146
722,13,89,26,0.3476702508960573
723,12,75,23,0.31899641577060933
724,16,104,33,0.3763440860215054
725,13,82,28,0.39426523297491034
726,8,75,22,0.5519713261648745
727,19,136,41,0.4193548387096774
728,7,54,13,0.2831541218637993
729,19,136,41,0.4193548387096774
730,10,74,22,0.3978494623655914
731,17,142,45,0.5555555555555556
732,30,219,71,0.5161290322580645
733,15,100,33,0.41577060931899645
734,14,100,30,0.39426523297491034
735,19,131,38,0.3691756272401434
736,18,114,36,0.3655913978494624
737,9,70,20,0.4014336917562724
738,6,48,15,0.46953405017921146
739,9,70,20,0.4014336917562724
740,7,46,15,0.3691756272401434
741,25,177,60,0.5089605734767024
742,4,11,6,0.16487455197132617
743,14,119,34,0.4767025089605734
744,19,153,52,0.5878136200716846
745,16,104,33,0.3763440860215054
746,19,139,42,0.4336917562724014
747,1,1,1,0.0
748,10,90,29,0.6057347670250897
749,16,104,33,0.3763440860215054
750,19,139,42,0.4336917562724014
751,1,1,1,0.0
752,10,90,29,0.6057347670250897
753,16,104,33,0.3763440860215054
754,19,139,42,0.4336917562724014
755,1,1,1,0.0
756,23,180,57,0.5268817204301075
757,8,72,22,0.5519713261648745
758,5,32,10,0.31899641577060933
759,8,72,22,0.5519713261648745
760,6,43,13,0.37275985663082434
761,13,99,29,0.4193548387096774
762,11,83,27,0.4731182795698925
763,6,65,21,0.7741935483870968
764,13,99,29,0.4193548387096774
765,11,83,27,0.4731182795698925
766,6,65,21,0.7741935483870968
767,13,99,29,0.4193548387096774
768,11,83,27,0.4731182795698925
769,6,65,21,0.7741935483870968
770,13,99,29,0.4193548387096774
771,11,83,27,0.4731182795698925
772,5,50,17,0.7383512544802867
773,7,42,16,0.4121863799283154
774,13,112,35,0.5555555555555556
775,32,233,69,0.4623655913978495
776,23,143,41,0.31899641577060933
777,33,285,91,0.6451612903225806
778,31,248,76,0.5483870967741935
779,11,73,22,0.34050179211469533
780,10,67,21,0.3655913978494624
781,12,76,21,0.26881720430107525
782,10,75,23,0.42652329749103945
783,4,31,7,0.24014336917562729
784,11,73,22,0.34050179211469533
785,10,67,21,0.3655913978494624
786,12,76,21,0.26881720430107525
787,10,75,23,0.42652329749103945
788,4,31,7,0.24014336917562729
789,11,73,22,0.34050179211469533
790,10,67,21,0.3655913978494624
791,12,76,21,0.26881720430107525
792,10,75,23,0.42652329749103945
793,4,31,7,0.24014336917562729
794,11,73,22,0.34050179211469533
795,10,67,21,0.3655913978494624
796,12,76,21,0.26881720430107525
797,10,75,23,0.42652329749103945
798,4,31,7,0.24014336917562729
799,11,73,22,0.34050179211469533
800,10,67,21,0.3655913978494624
801,12,76,21,0.26881720430107525
802,10,75,23,0.42652329749103945
803,17,122,37,0.41577060931899645
804,17,125,36,0.3978494623655914
805,13,96,30,0.43727598566308246
806,17,125,36,0.3978494623655914
807,13,96,30,0.43727598566308246
808,4,12,6,0.16487455197132617
809,1,1,1,0.0
810,6,41,12,0.32258064516129037
811,18,126,40,0.4336917562724014
812,13,77,25,0.3261648745519713
813,18,126,40,0.4336917562724014
814,13,77,25,0.3261648745519713
815,18,126,40,0.4336917562724014
816,10,55,18,0.2759856630824373
817,12,81,22,0.2939068100358423
818,10,71,21,0.3655913978494624
819,7,57,20,0.5806451612903225
820,15,96,28,0.3154121863799283
821,12,81,22,0.2939068100358423
822,10,71,21,0.3655913978494624
823,7,57,20,0.5806451612903225
824,15,96,28,0.3154121863799283
825,12,81,22,0.2939068100358423
826,10,71,21,0.3655913978494624
827,7,57,20,0.5806451612903225
828,15,96,28,0.3154121863799283
829,12,81,22,0.2939068100358423
830,10,71,21,0.3655913978494624
831,7,57,20,0.5806451612903225
832,15,96,28,0.3154121863799283
833,34,278,98,0.6881720430107527
834,8,52,18,0.40501792114695345
835,10,69,17,0.24731182795698925
836,12,80,25,0.3691756272401434
837,4,31,9,0.3906810035842294
838,10,69,17,0.24731182795698925
839,12,80,25,0.3691756272401434
840,4,31,9,0.3906810035842294
841,10,69,17,0.24731182795698925
842,12,80,25,0.3691756272401434
843,6,44,13,0.37275985663082434
844,21,133,42,0.3763440860215054
845,10,67,22,0.3978494623655914
846,18,151,48,0.5663082437275986
847,19,125,39,0.3870967741935484
848,24,146,47,0.3763440860215054
849,25,194,65,0.5698924731182795
850,17,148,47,0.5913978494623655
851,28,184,52,0.3584229390681004
852,23,172,60,0.5663082437275986
853,17,148,47,0.5913978494623655
854,28,184,52,0.3584229390681004
855,23,172,60,0.5663082437275986
856,17,148,47,0.5913978494623655
857,28,184,52,0.3584229390681004
858,10,63,21,0.3655913978494624
859,17,122,39,0.44802867383512546
860,20,122,38,0.34408602150537637
861,17,122,39,0.44802867383512546
862,20,122,38,0.34408602150537637
863,17,122,39,0.44802867383512546
864,19,111,39,0.3870967741935484
865,2,3,2,0.0035842293906810374
866,12,77,23,0.31899641577060933
867,15,106,33,0.41577060931899645
868,14,96,30,0.39426523297491034
869,8,67,23,0.5913978494623655
870,15,106,33,0.41577060931899645
871,14,96,30,0.39426523297491034
872,8,67,23,0.5913978494623655
873,15,106,33,0.41577060931899645
874,14,96,30,0.39426523297491034
875,29,252,83,0.6630824372759856
876,12,96,32,0.5412186379928315
877,28,211,65,0.4946236559139785
878,21,162,56,0.5770609318996416
879,16,143,49,0.6774193548387097
880,11,66,20,0.28673835125448033
881,5,44,14,0.5591397849462365
882,3,19,6,0.31182795698924726
883,16,119,34,0.3978494623655914
884,5,38,12,0.43727598566308246
885,8,62,22,0.5519713261648745
886,5,38,12,0.43727598566308246
887,8,62,22,0.5519713261648745
888,5,38,12,0.43727598566308246
889,13,90,30,0.43727598566308246
890,8,50,19,0.4408602150537635
891,18,134,42,0.4623655913978495
892,15,98,29,0.33333333333333337
893,6,38,11,0.2724014336917563
894,21,140,46,0.4336917562724014
895,6,37,12,0.32258064516129037
896,4,25,7,0.24014336917562729
897,6,37,12,0.32258064516129037
898,21,135,40,0.3476702508960573
899,3,23,8,0.5089605734767024
900,5,27,7,0.1362007168458781
901,10,72,23,0.42652329749103945
902,6,34,9,0.17204301075268813
903,17,127,43,0.5197132616487455
904,11,57,21,0.31182795698924726
905,6,31,9,0.17204301075268813
906,18,156,49,0.5806451612903225
907,3,15,5,0.2114695340501792
908,3,23,7,0.4121863799283154
909,9,69,19,0.3655913978494624
910,3,18,6,0.31182795698924726
911,3,15,5,0.2114695340501792
912,3,23,7,0.4121863799283154
913,9,69,19,0.3655913978494624
914,3,18,6,0.31182795698924726
915,3,15,5,0.2114695340501792
916,3,23,7,0.4121863799283154
917,9,69,19,0.3655913978494624
918,8,76,19,0.4408602150537635
919,1,1,1,0.0
920,2,7,3,0.1577060931899642
921,8,50,15,0.29032258064516125
922,1,4,1,0.0
923,2,7,2,0.0035842293906810374
924,4,28,10,0.4623655913978495
925,1,2,1,0.0
926,4,17,5,0.08602150537634412
927,1,1,1,0.0
928,2,7,3,0.1577060931899642
929,11,75,23,0.3691756272401434
930,12,81,24,0.34408602150537637
931,1,1,1,0.0
932,2,7,3,0.1577060931899642
933,8,50,15,0.29032258064516125
934,1,4,1,0.0
935,2,7,2,0.0035842293906810374
936,4,28,10,0.4623655913978495
937,1,2,1,0.0
938,4,17,5,0.08602150537634412
939,1,1,1,0.0
940,2,7,3,0.1577060931899642
941,11,75,23,0.3691756272401434
942,12,81,24,0.34408602150537637
943,1,1,1,0.0
944,2,7,3,0.1577060931899642
945,8,50,15,0.29032258064516125
946,1,4,1,0.0
947,2,7,2,0.0035842293906810374
948,4,28,10,0.4623655913978495
949,1,2,1,0.0
950,4,17,5,0.08602150537634412
951,1,1,1,0.0
952,2,7,3,0.1577060931899642
953,11,75,23,0.3691756272401434
954,12,81,24,0.34408602150537637
955,1,1,1,0.0
956,2,7,3,0.1577060931899642
957,8,50,15,0.29032258064516125
958,1,4,1,0.0
959,2,7,2,0.0035842293906810374
960,4,28,10,0.4623655913978495
961,1,2,1,0.0
962,4,17,5,0.08602150537634412
963,1,1,1,0.0
964,2,7,3,0.1577060931899642
965,11,75,23,0.3691756272401434
966,12,81,24,0.34408602150537637
967,1,1,1,0.0
968,2,7,3,0.1577060931899642
969,8,50,15,0.29032258064516125
970,1,4,1,0.0
971,2,7,2,0.0035842293906810374
972,4,28,10,0.4623655913978495
973,1,2,1,0.0
974,4,17,5,0.08602150537634412
975,1,1,1,0.0
976,2,7,3,0.1577060931899642
977,11,75,23,0.3691756272401434
978,22,189,56,0.5412186379928315
979,1,1,1,0.0
980,4,29,9,0.3906810035842294
981,9,60,20,0.4014336917562724
982,1,1,1,0.0
983,4,29,9,0.3906810035842294
984,9,58,19,0.3655913978494624
985,1,1,1,0.0
986,2,9,4,0.30824372759856633
987,1,1,1,0.0
988,6,46,15,0.46953405017921146
989,6,30,9,0.17204301075268813
990,2,3,2,0.0035842293906810374
991,3,7,3,0.007168458781361964
992,1,5,1,0.0
993,2,6,2,0.0035842293906810374
994,1,1,1,0.0
995,2,9,4,0.30824372759856633
996,1,1,1,0.0
997,6,46,15,0.46953405017921146
998,6,30,9,0.17204301075268813
999,2,3,2,0.0035842293906810374
1000,3,7,3,0.007168458781361964
1001,1,5,1,0.0
1002,1,7,2,0.3046594982078853
1003,1,6,1,0.0
1004,1,10,2,0.3046594982078853
1005,4,30,11,0.5376344086021505
1006,1,2,1,0.0
1007,2,3,2,0.0035842293906810374
1008,4,22,6,0.16487455197132617
1009,2,14,3,0.1577060931899642
1010,1,6,1,0.0
1011,1,10,2,0.3046594982078853
1012,4,30,11,0.5376344086021505
1013,1,2,1,0.0
1014,2,3,2,0.0035842293906810374
1015,4,22,6,0.16487455197132617
1016,3,12,3,0.007168458781361964
1017,1,1,1,0.0
1018,2,11,4,0.30824372759856633
1019,1,1,1,0.0
1020,1,4,1,0.0
1021,5,33,9,0.25806451612903225
1022,1,8,1,0.0
1023,1,5,1,0.0
1024,2,15,2,0.0035842293906810374
1025,1,1,1,0.0
1026,2,6,3,0.1577060931899642
1027,1,1,1,0.0
1028,2,11,4,0.30824372759856633
1029,1,1,1,0.0
1030,1,4,1,0.0
1031,6,40,11,0.2724014336917563
1032,2,7,3,0.1577060931899642
1033,1,1,1,0.0
1034,2,11,3,0.1577060931899642
1035,1,1,1,0.0
1036,2,7,3,0.1577060931899642
1037,1,1,1,0.0
1038,2,5,2,0.0035842293906810374
1039,1,1,1,0.0
1040,7,53,16,0.4121863799283154
1041,1,1,1,0.0
1042,1,4,1,0.0
1043,1,4,1,0.0
1044,1,3,1,0.0
1045,4,17,5,0.08602150537634412
1046,2,7,3,0.1577060931899642
1047,1,1,1,0.0
1048,2,11,3,0.1577060931899642
1049,1,1,1,0.0
1050,2,7,3,0.1577060931899642
1051,1,1,1,0.0
1052,2,5,2,0.0035842293906810374
1053,1,1,1,0.0
1054,7,53,16,0.4121863799283154
1055,1,1,1,0.0
1056,1,4,1,0.0
1057,1,4,1,0.0
1058,1,3,1,0.0
1059,4,17,5,0.08602150537634412
1060,2,7,2,0.0035842293906810374
1061,2,8,3,0.1577060931899642
1062,2,3,2,0.0035842293906810374
1063,1,1,1,0.0
1064,2,9,4,0.30824372759856633
1065,1,1,1,0.0
1066,9,80,26,0.5985663082437276
1067,1,1,1,0.0
1068,1,4,1,0.0
1069,2,5,2,0.0035842293906810374
1070,1,4,1,0.0
1071,3,12,3,0.007168458781361964
1072,5,28,9,0.25806451612903225
1073,3,15,5,0.2114695340501792
1074,3,8,3,0.007168458781361964
1075,5,38,9,0.25806451612903225
1076,4,28,8,0.3154121863799283
1077,4,21,9,0.3906810035842294
1078,9,45,14,0.19713261648745517
1079,1,4,1,0.0
1080,2,12,4,0.30824372759856633
1081,4,19,6,0.16487455197132617
1082,4,28,6,0.16487455197132617
1083,11,91,29,0.5304659498207885
1084,7,28,10,0.15412186379928317
1085,14,101,29,0.37275985663082434
1086,16,154,50,0.6953405017921147
1087,10,78,21,0.3655913978494624
1088,4,40,12,0.6164874551971327
1089,9,64,19,0.3655913978494624
1090,3,27,9,0.6129032258064516
1091,1,4,1,0.0
1092,10,62,18,0.2759856630824373
1093,17,90,29,0.2724014336917563
1094,4,22,7,0.24014336917562729
1095,17,90,29,0.2724014336917563
1096,4,22,7,0.24014336917562729
1097,17,90,29,0.2724014336917563
1098,4,22,7,0.24014336917562729
1099,10,55,19,0.30824372759856633
1100,7,70,22,0.6702508960573477
1101,1,30,1,0.0
1102,1,1,1,0.0
1103,10,65,19,0.30824372759856633
1104,1,1,1,0.0
1105,4,25,7,0.24014336917562729
1106,6,41,12,0.32258064516129037
1107,1,4,1,0.0
1108,4,36,9,0.3906810035842294
1109,5,34,11,0.3799283154121864
1110,1,4,1,0.0
1111,4,36,9,0.3906810035842294
1112,3,21,4,0.11111111111111116
1113,7,60,14,0.3261648745519713
1114,3,15,4,0.11111111111111116
1115,11,79,26,0.44802867383512546
1116,7,42,14,0.3261648745519713
1117,3,15,4,0.11111111111111116
1118,11,79,26,0.44802867383512546
1119,7,42,14,0.3261648745519713
1120,3,15,4,0.11111111111111116
1121,11,79,26,0.44802867383512546
1122,10,72,20,0.3369175627240143
1123,3,12,3,0.007168458781361964
1124,3,13,4,0.11111111111111116
1125,3,14,5,0.2114695340501792
1126,1,4,1,0.0
1127,4,34,10,0.4623655913978495
1128,8,46,12,0.1792114695340502
1129,3,12,3,0.007168458781361964
1130,3,13,4,0.11111111111111116
1131,3,14,5,0.2114695340501792
1132,1,4,1,0.0
1133,4,34,10,0.4623655913978495
1134,11,98,34,0.6666666666666667
1135,9,72,22,0.4659498207885304
1136,7,57,18,0.4946236559139785
1137,1,1,1,0.0
1138,4,33,10,0.4623655913978495
1139,1,6,1,0.0
1140,12,95,28,0.4408602150537635
1141,24,218,61,0.5483870967741935
1142,7,59,13,0.2831541218637993
1143,11,94,17,0.20430107526881724
1144,5,36,5,0.014336917562724039
1145,8,49,13,0.21505376344086025
1146,1,1,1,0.0
1147,2,8,3,0.1577060931899642
1148,9,60,19,0.3655913978494624
1149,1,8,1,0.0
1150,8,49,13,0.21505376344086025
1151,1,1,1,0.0
1152,2,8,3,0.1577060931899642
1153,9,60,19,0.3655913978494624
1154,5,30,10,0.31899641577060933
1155,18,128,40,0.4336917562724014
1156,4,27,9,0.3906810035842294
1157,6,28,10,0.2222222222222222
1158,4,27,9,0.3906810035842294
1159,14,105,32,0.4336917562724014
1160,4,20,6,0.16487455197132617
1161,5,30,9,0.25806451612903225
1162,4,20,6,0.16487455197132617
1163,1,1,1,0.0
1164,1,1,1,0.0
1165,2,6,3,0.1577060931899642
1166,1,1,1,0.0
1167,7,49,14,0.3261648745519713
1168,1,4,1,0.0
1169,1,3,1,0.0
1170,5,30,9,0.25806451612903225
1171,1,8,1,0.0
1172,1,1,1,0.0
1173,2,6,3,0.1577060931899642
1174,1,1,1,0.0
1175,7,49,14,0.3261648745519713
1176,1,4,1,0.0
1177,1,3,1,0.0
1178,5,30,9,0.25806451612903225
1179,1,8,1,0.0
1180,1,1,1,0.0
1181,2,7,3,0.1577060931899642
1182,1,1,1,0.0
1183,4,18,7,0.24014336917562729
1184,2,21,7,0.7598566308243728
1185,1,1,1,0.0
1186,1,2,1,0.0
1187,4,19,7,0.24014336917562729
1188,3,12,6,0.31182795698924726
1189,9,39,13,0.16487455197132617
1190,5,22,9,0.25806451612903225
1191,8,40,13,0.21505376344086025
1192,3,12,6,0.31182795698924726
1193,9,39,13,0.16487455197132617
1194,5,22,9,0.25806451612903225
1195,8,40,13,0.21505376344086025
1196,3,12,6,0.31182795698924726
1197,9,39,13,0.16487455197132617
1198,5,22,9,0.25806451612903225
1199,8,40,13,0.21505376344086025
1200,10,95,28,0.5770609318996416
1201,11,74,21,0.31182795698924726
1202,14,72,22,0.2222222222222222
1203,11,74,21,0.31182795698924726
1204,24,130,44,0.3369175627240143
1205,9,104,29,0.6989247311827957
1206,1,30,1,0.0
1207,1,1,1,0.0
1208,6,49,15,0.46953405017921146
1209,1,7,2,0.3046594982078853
1210,14,60,21,0.2007168458781362
1211,1,7,2,0.3046594982078853
1212,3,17,5,0.2114695340501792
1213,4,22,6,0.16487455197132617
1214,4,18,5,0.08602150537634412
1215,5,23,8,0.19713261648745517
1216,4,40,11,0.5376344086021505
1217,3,22,7,0.4121863799283154
1218,5,33,9,0.25806451612903225
1219,11,58,17,0.20430107526881724
1220,16,130,37,0.4516129032258065
1221,6,50,15,0.46953405017921146
1222,4,27,10,0.4623655913978495
1223,7,92,21,0.6272401433691757
1224,3,22,7,0.4121863799283154
1225,9,53,17,0.30107526881720426
1226,2,7,3,0.1577060931899642
1227,1,1,1,0.0
1228,1,4,1,0.0
1229,3,28,8,0.5089605734767024
1230,19,150,47,0.5089605734767024
1231,1,1,1,0.0
1232,3,18,7,0.4121863799283154
1233,2,8,3,0.1577060931899642
1234,1,1,1,0.0
1235,1,2,1,0.0
1236,2,6,2,0.0035842293906810374
1237,2,9,3,0.1577060931899642
1238,10,74,22,0.3978494623655914
1239,2,5,2,0.0035842293906810374
1240,8,52,15,0.29032258064516125
1241,17,123,39,0.44802867383512546
1242,2,9,4,0.30824372759856633
1243,2,8,3,0.1577060931899642
1244,1,1,1,0.0
1245,1,2,1,0.0
1246,2,6,2,0.0035842293906810374
1247,2,9,3,0.1577060931899642
1248,10,74,22,0.3978494623655914
1249,2,5,2,0.0035842293906810374
1250,8,52,15,0.29032258064516125
1251,17,123,39,0.44802867383512546
1252,2,9,4,0.30824372759856633
1253,2,8,3,0.1577060931899642
1254,1,1,1,0.0
1255,1,2,1,0.0
1256,2,6,2,0.0035842293906810374
1257,2,9,3,0.1577060931899642
1258,10,74,22,0.3978494623655914
1259,2,5,2,0.0035842293906810374
1260,8,52,15,0.29032258064516125
1261,17,123,39,0.44802867383512546
1262,2,9,4,0.30824372759856633
1263,2,8,3,0.1577060931899642
1264,1,1,1,0.0
1265,1,2,1,0.0
1266,2,6,2,0.0035842293906810374
1267,2,9,3,0.1577060931899642
1268,2,12,4,0.30824372759856633
1269,5,42,12,0.43727598566308246
1270,4,39,15,0.8422939068100359
1271,1,30,1,0.0
1272,1,1,1,0.0
1273,4,29,9,0.3906810035842294
1274,3,29,8,0.5089605734767024
1275,4,26,9,0.3906810035842294
1276,3,29,8,0.5089605734767024
1277,15,85,27,0.2939068100358423
1278,8,74,23,0.5913978494623655
1279,13,59,19,0.18637992831541217
1280,8,74,23,0.5913978494623655
1281,6,53,18,0.6236559139784946
1282,1,1,1,0.0
1283,5,24,9,0.25806451612903225
1284,4,18,7,0.24014336917562729
1285,9,44,15,0.2329749103942652
1286,1,4,1,0.0
1287,3,12,6,0.31182795698924726
1288,1,1,1,0.0
1289,5,24,9,0.25806451612903225
1290,4,18,7,0.24014336917562729
1291,9,44,15,0.2329749103942652
1292,1,4,1,0.0
1293,3,12,6,0.31182795698924726
1294,1,1,1,0.0
1295,5,24,9,0.25806451612903225
1296,4,18,7,0.24014336917562729
1297,9,44,15,0.2329749103942652
1298,1,4,1,0.0
1299,19,164,48,0.5268817204301075
1300,1,1,1,0.0
1301,14,97,29,0.37275985663082434
1302,1,1,1,0.0
1303,11,98,28,0.5017921146953406
1304,7,51,14,0.3261648745519713
1305,1,1,1,0.0
1306,2,8,3,0.1577060931899642
1307,2,6,2,0.0035842293906810374
1308,2,4,2,0.0035842293906810374
1309,2,8,3,0.1577060931899642
1310,1,1,1,0.0
1311,1,4,1,0.0
1312,6,42,12,0.32258064516129037
1313,2,24,6,0.6057347670250897
1314,2,31,4,0.30824372759856633
1315,1,1,1,0.0
1316,2,8,4,0.30824372759856633
1317,4,15,5,0.08602150537634412
1318,2,3,2,0.0035842293906810374
1319,2,10,4,0.30824372759856633
1320,2,8,3,0.1577060931899642
1321,1,4,1,0.0
1322,10,66,18,0.2759856630824373
1323,8,60,18,0.40501792114695345
1324,2,10,4,0.30824372759856633
1325,1,1,1,0.0
1326,2,8,4,0.30824372759856633
1327,4,15,5,0.08602150537634412
1328,2,3,2,0.0035842293906810374
1329,2,10,4,0.30824372759856633
1330,2,8,3,0.1577060931899642
1331,1,4,1,0.0
1332,10,66,18,0.2759856630824373
1333,8,60,18,0.40501792114695345
1334,2,10,4,0.30824372759856633
1335,1,1,1,0.0
1336,2,8,4,0.30824372759856633
1337,4,15,5,0.08602150537634412
1338,2,3,2,0.0035842293906810374
1339,2,10,4,0.30824372759856633
1340,2,8,3,0.1577060931899642
1341,1,4,1,0.0
1342,10,66,18,0.2759856630824373
1343,8,60,18,0.40501792114695345
1344,4,31,10,0.4623655913978495
1345,1,1,1,0.0
1346,1,1,1,0.0
1347,1,4,1,0.0
1348,7,61,19,0.5376344086021505
1349,4,42,13,0.6917562724014337
1350,12,160,44,0.8458781362007168
1351,5,35,11,0.3799283154121864
1352,15,97,28,0.3154121863799283
1353,1,11,3,0.6021505376344086
1354,4,16,6,0.16487455197132617
1355,4,19,6,0.16487455197132617
1356,1,11,3,0.6021505376344086
1357,4,16,6,0.16487455197132617
1358,4,19,6,0.16487455197132617
1359,3,25,8,0.5089605734767024
1360,2,6,3,0.1577060931899642
1361,3,17,6,0.31182795698924726
1362,3,27,8,0.5089605734767024
1363,20,118,35,0.29749103942652333
1364,6,50,16,0.5197132616487455
1365,9,59,15,0.2329749103942652
1366,3,33,10,0.7132616487455197
1367,8,70,19,0.4408602150537635
1368,2,27,3,0.1577060931899642
1369,1,1,1,0.0
1370,2,9,3,0.1577060931899642
1371,1,1,1,0.0
1372,2,6,2,0.0035842293906810374
1373,1,1,1,0.0
1374,2,7,3,0.1577060931899642
1375,1,1,1,0.0
1376,2,9,4,0.30824372759856633
1377,1,1,1,0.0
1378,2,8,3,0.1577060931899642
1379,1,4,1,0.0
1380,8,59,19,0.4408602150537635
1381,5,43,12,0.43727598566308246
1382,3,24,7,0.4121863799283154
1383,7,49,16,0.4121863799283154
1384,3,22,7,0.4121863799283154
1385,6,33,10,0.2222222222222222
1386,3,13,4,0.11111111111111116
1387,3,12,4,0.11111111111111116
1388,5,24,8,0.19713261648745517
1389,3,12,4,0.11111111111111116
1390,5,23,7,0.1362007168458781
1391,5,25,8,0.19713261648745517
1392,3,13,4,0.11111111111111116
1393,3,12,4,0.11111111111111116
1394,5,24,8,0.19713261648745517
1395,3,12,4,0.11111111111111116
1396,5,23,7,0.1362007168458781
1397,5,25,8,0.19713261648745517
1398,3,13,4,0.11111111111111116
1399,3,12,4,0.11111111111111116
1400,5,24,8,0.19713261648745517
1401,3,12,4,0.11111111111111116
1402,5,23,7,0.1362007168458781
1403,9,95,30,0.7347670250896057
1404,1,1,1,0.0
1405,2,5,2,0.0035842293906810374
1406,1,1,1,0.0
1407,2,8,3,0.1577060931899642
1408,1,1,1,0.0
1409,2,11,4,0.30824372759856633
1410,11,75,21,0.31182795698924726
1411,5,46,12,0.43727598566308246
1412,7,40,11,0.19713261648745517
1413,4,23,8,0.3154121863799283
1414,13,84,26,0.3476702508960573
1415,1,1,1,0.0
1416,8,49,17,0.3691756272401434
1417,1,1,1,0.0
1418,11,93,30,0.5591397849462365
1419,1,1,1,0.0
1420,12,84,27,0.4193548387096774
1421,4,35,10,0.4623655913978495
1422,3,15,5,0.2114695340501792
1423,3,18,6,0.31182795698924726
1424,3,14,5,0.2114695340501792
1425,9,45,15,0.2329749103942652
1426,2,9,3,0.1577060931899642
1427,4,20,6,0.16487455197132617
1428,3,19,5,0.2114695340501792
1429,3,13,5,0.2114695340501792
1430,1,4,1,0.0
1431,3,12,4,0.11111111111111116
1432,3,15,5,0.2114695340501792
1433,3,18,6,0.31182795698924726
1434,3,14,5,0.2114695340501792
1435,9,45,15,0.2329749103942652
1436,2,9,3,0.1577060931899642
1437,4,20,6,0.16487455197132617
1438,3,19,5,0.2114695340501792
1439,3,13,5,0.2114695340501792
1440,1,4,1,0.0
1441,3,12,4,0.11111111111111116
1442,3,15,5,0.2114695340501792
1443,3,18,6,0.31182795698924726
1444,3,14,5,0.2114695340501792
1445,9,45,15,0.2329749103942652
1446,2,9,3,0.1577060931899642
1447,4,20,6,0.16487455197132617
1448,3,19,5,0.2114695340501792
1449,3,13,5,0.2114695340501792
1450,1,4,1,0.0
1451,3,12,4,0.11111111111111116
1452,3,15,5,0.2114695340501792
1453,3,18,6,0.31182795698924726
1454,3,14,5,0.2114695340501792
1455,9,45,15,0.2329749103942652
1456,2,9,3,0.1577060931899642
1457,4,20,6,0.16487455197132617
1458,3,19,5,0.2114695340501792
1459,3,13,5,0.2114695340501792
1460,1,4,1,0.0
1461,8,93,31,0.8960573476702509
1462,3,23,7,0.4121863799283154
1463,4,21,6,0.16487455197132617
1464,6,36,11,0.2724014336917563
1465,2,10,4,0.30824372759856633
1466,1,1,1,0.0
1467,1,4,1,0.0
1468,6,45,14,0.4229390681003584
1469,4,26,7,0.24014336917562729
1470,1,1,1,0.0
1471,3,13,5,0.2114695340501792
1472,2,12,4,0.30824372759856633
1473,5,47,15,0.6200716845878136
1474,9,63,20,0.4014336917562724
1475,1,1,1,0.0
1476,15,102,28,0.3154121863799283
1477,1,1,1,0.0
1478,16,96,29,0.30107526881720426
1479,3,12,4,0.11111111111111116
1480,1,4,1,0.0
1481,5,43,13,0.49820788530465954
1482,3,11,4,0.11111111111111116
1483,1,1,1,0.0
1484,2,12,4,0.30824372759856633
1485,1,3,1,0.0
1486,10,67,20,0.3369175627240143
1487,4,23,8,0.3154121863799283
1488,1,2,1,0.0
1489,1,7,1,0.0
1490,2,8,3,0.1577060931899642
1491,1,1,1,0.0
1492,1,4,1,0.0
1493,5,39,14,0.5591397849462365
1494,12,107,33,0.5663082437275986
1495,2,23,3,0.1577060931899642
1496,2,8,3,0.1577060931899642
1497,2,8,4,0.30824372759856633
1498,2,8,2,0.0035842293906810374
1499,2,10,3,0.1577060931899642
1500,2,6,2,0.0035842293906810374
1501,1,1,1,0.0
1502,2,10,3,0.1577060931899642
1503,2,10,3,0.1577060931899642
1504,1,4,1,0.0
1505,5,45,15,0.6200716845878136
1506,4,34,11,0.5376344086021505
1507,2,13,4,0.30824372759856633
1508,2,10,4,0.30824372759856633
1509,2,7,2,0.0035842293906810374
1510,2,7,3,0.1577060931899642
1511,2,3,2,0.0035842293906810374
1512,2,10,4,0.30824372759856633
1513,2,8,2,0.0035842293906810374
1514,2,9,3,0.1577060931899642
1515,2,8,3,0.1577060931899642
1516,2,6,2,0.0035842293906810374
1517,2,5,2,0.0035842293906810374
1518,2,10,3,0.1577060931899642
1519,2,8,3,0.1577060931899642
1520,2,6,2,0.0035842293906810374
1521,2,5,2,0.0035842293906810374
1522,1,1,1,0.0
1523,1,4,1,0.0
1524,8,70,23,0.5913978494623655
1525,4,26,7,0.24014336917562729
1526,2,6,2,0.0035842293906810374
1527,2,9,5,0.4551971326164874
1528,1,1,1,0.0
1529,2,9,4,0.30824372759856633
1530,2,8,4,0.30824372759856633
1531,2,7,3,0.1577060931899642
1532,2,9,5,0.4551971326164874
1533,2,6,3,0.1577060931899642
1534,2,6,3,0.1577060931899642
1535,2,9,5,0.4551971326164874
1536,1,4,1,0.0
1537,7,38,13,0.2831541218637993
1538,4,38,10,0.4623655913978495
1539,25,200,54,0.43727598566308246
1540,1,1,1,0.0
1541,1,1,1,0.0
1542,5,31,11,0.3799283154121864
1543,1,7,1,0.0
1544,2,6,3,0.1577060931899642
1545,1,4,1,0.0
1546,3,24,7,0.4121863799283154
1547,8,66,20,0.4767025089605734
1548,3,13,4,0.11111111111111116
1549,1,3,1,0.0
1550,5,37,11,0.3799283154121864
1551,10,78,26,0.5161290322580645
1552,1,1,1,0.0
1553,2,7,4,0.30824372759856633
1554,2,9,5,0.4551971326164874
1555,1,4,1,0.0
1556,5,42,14,0.5591397849462365
1557,3,28,8,0.5089605734767024
1558,1,36,1,0.0
1559,1,1,1,0.0
1560,10,86,27,0.5448028673835126
1561,1,14,3,0.6021505376344086
1562,4,19,6,0.16487455197132617
1563,12,110,37,0.6702508960573477
1564,2,9,3,0.1577060931899642
1565,1,4,1,0.0
1566,9,70,19,0.3655913978494624
1567,8,79,24,0.6308243727598566
1568,1,1,1,0.0
1569,2,8,2,0.0035842293906810374
1570,5,38,11,0.3799283154121864
1571,2,7,3,0.1577060931899642
1572,1,1,1,0.0
1573,2,10,3,0.1577060931899642
1574,4,33,10,0.4623655913978495
1575,4,28,9,0.3906810035842294
1576,1,1,1,0.0
1577,2,10,3,0.1577060931899642
1578,2,19,6,0.6057347670250897
1579,4,31,11,0.5376344086021505
1580,2,27,3,0.1577060931899642
1581,1,4,1,0.0
1582,12,103,35,0.6200716845878136
1583,5,27,9,0.25806451612903225
1584,3,21,5,0.2114695340501792
1585,5,27,9,0.25806451612903225
1586,3,21,5,0.2114695340501792
1587,12,94,28,0.4408602150537635
1588,21,107,32,0.2329749103942652
1589,1,7,2,0.3046594982078853
1590,3,13,5,0.2114695340501792
1591,4,19,6,0.16487455197132617
1592,1,7,2,0.3046594982078853
1593,3,13,5,0.2114695340501792
1594,4,19,6,0.16487455197132617
1595,3,16,5,0.2114695340501792
1596,8,32,12,0.1792114695340502
1597,3,23,6,0.31182795698924726
1598,5,40,10,0.31899641577060933
1599,3,20,7,0.4121863799283154
1600,1,2,1,0.0
1601,18,167,51,0.6164874551971327
1602,10,67,20,0.3369175627240143
1603,16,135,39,0.48745519713261654
1604,3,25,6,0.31182795698924726
1605,3,42,7,0.4121863799283154
1606,4,28,10,0.4623655913978495
1607,3,19,5,0.2114695340501792
1608,1,5,1,0.0
1609,1,8,2,0.3046594982078853
1610,4,28,10,0.4623655913978495
1611,3,19,5,0.2114695340501792
1612,1,5,1,0.0
1613,5,26,7,0.1362007168458781
1614,2,17,4,0.30824372759856633
1615,6,27,8,0.12186379928315416
1616,9,76,22,0.4659498207885304
1617,4,35,9,0.3906810035842294
1618,1,3,1,0.0
1619,1,2,1,0.0
1620,1,3,1,0.0
1621,4,22,7,0.24014336917562729
1622,5,14,6,0.07526881720430112
1623,1,3,1,0.0
1624,1,2,1,0.0
1625,1,3,1,0.0
1626,4,22,7,0.24014336917562729
1627,5,14,6,0.07526881720430112
1628,3,22,6,0.31182795698924726
1629,11,80,27,0.4731182795698925
1630,1,9,4,0.9068100358422939
1631,1,9,3,0.6021505376344086
1632,126,1198,353,1.0
1633,8,39,13,0.21505376344086025
1634,4,16,5,0.08602150537634412
1635,6,51,19,0.6738351254480286
1636,2,21,8,0.910394265232975
1637,15,109,31,0.3763440860215054
1638,7,49,15,0.3691756272401434
1639,16,112,32,0.3584229390681004
1640,9,65,17,0.30107526881720426
1641,10,68,20,0.3369175627240143
1642,16,112,32,0.3584229390681004
1643,9,65,17,0.30107526881720426
1644,10,68,20,0.3369175627240143
1645,16,112,32,0.3584229390681004
1646,9,65,17,0.30107526881720426
1647,10,68,20,0.3369175627240143
1648,13,91,28,0.39426523297491034
1649,8,50,14,0.2544802867383512
1650,13,91,28,0.39426523297491034
1651,8,50,14,0.2544802867383512
1652,5,26,8,0.19713261648745517
1653,6,35,11,0.2724014336917563
1654,11,65,18,0.22939068100358428
1655,13,91,29,0.4193548387096774
1656,6,33,9,0.17204301075268813
1657,5,26,8,0.19713261648745517
1658,6,35,11,0.2724014336917563
1659,11,65,18,0.22939068100358428
1660,13,91,29,0.4193548387096774
1661,6,33,9,0.17204301075268813
1662,5,26,8,0.19713261648745517
1663,6,35,11,0.2724014336917563
1664,11,65,18,0.22939068100358428
1665,13,91,29,0.4193548387096774
1666,6,33,9,0.17204301075268813
1667,5,26,8,0.19713261648745517
1668,6,35,11,0.2724014336917563
1669,11,65,18,0.22939068100358428
1670,13,91,29,0.4193548387096774
1671,6,33,9,0.17204301075268813
1672,5,26,8,0.19713261648745517
1673,6,35,11,0.2724014336917563
1674,11,65,18,0.22939068100358428
1675,13,91,29,0.4193548387096774
1676,6,33,9,0.17204301075268813
1677,27,238,74,0.6200716845878136
1678,17,110,35,0.3799283154121864
1679,13,96,31,0.4623655913978495
1680,7,35,10,0.15412186379928317
1681,17,110,35,0.3799283154121864
1682,13,96,31,0.4623655913978495
1683,7,35,10,0.15412186379928317
1684,17,110,35,0.3799283154121864
1685,13,96,31,0.4623655913978495
1686,10,69,24,0.4551971326164874
1687,9,53,15,0.2329749103942652
1688,22,129,36,0.26881720430107525
1689,8,55,16,0.32974910394265233
1690,15,105,31,0.3763440860215054
1691,26,170,46,0.3261648745519713
1692,8,55,16,0.32974910394265233
1693,15,105,31,0.3763440860215054
1694,26,170,46,0.3261648745519713
1695,8,55,16,0.32974910394265233
1696,15,105,31,0.3763440860215054
1697,26,170,46,0.3261648745519713
1698,8,55,16,0.32974910394265233
1699,15,105,31,0.3763440860215054
1700,29,209,65,0.4767025089605734
1701,12,71,24,0.34408602150537637
1702,37,239,73,0.42652329749103945
1703,14,89,29,0.37275985663082434
1704,32,194,62,0.3978494623655914
1705,31,186,57,0.3655913978494624
1706,24,156,51,0.42652329749103945
1707,5,30,9,0.25806451612903225
1708,24,156,51,0.42652329749103945
1709,8,56,17,0.3691756272401434
1710,16,98,30,0.32258064516129037
1711,12,71,23,0.31899641577060933
1712,19,129,39,0.3870967741935484
1713,11,74,23,0.3691756272401434
1714,9,52,15,0.2329749103942652
1715,6,47,15,0.46953405017921146
1716,9,52,15,0.2329749103942652
1717,7,49,14,0.3261648745519713
1718,34,245,73,0.4659498207885304
1719,6,42,12,0.32258064516129037
1720,14,91,26,0.30824372759856633
1721,16,122,37,0.4516129032258065
1722,14,91,26,0.30824372759856633
1723,16,122,37,0.4516129032258065
1724,34,203,64,0.3870967741935484
1725,5,28,8,0.19713261648745517
1726,13,90,28,0.39426523297491034
1727,5,28,8,0.19713261648745517
1728,13,90,28,0.39426523297491034
1729,24,174,52,0.4336917562724014
1730,26,191,57,0.4516129032258065
1731,19,144,50,0.5591397849462365
1732,17,114,39,0.44802867383512546
1733,12,84,30,0.49103942652329746
1734,7,52,15,0.3691756272401434
1735,7,39,10,0.15412186379928317
1736,17,113,29,0.2724014336917563
1737,2,15,3,0.1577060931899642
1738,12,86,27,0.4193548387096774
1739,13,79,28,0.39426523297491034
1740,10,53,17,0.24731182795698925
1741,13,79,28,0.39426523297491034
1742,10,53,17,0.24731182795698925
1743,13,79,28,0.39426523297491034
1744,11,57,20,0.28673835125448033
1745,24,151,50,0.4121863799283154
1746,12,87,25,0.3691756272401434
1747,10,71,25,0.4838709677419355
1748,7,53,16,0.4121863799283154
1749,12,87,25,0.3691756272401434
1750,10,71,25,0.4838709677419355
1751,7,53,16,0.4121863799283154
1752,12,87,25,0.3691756272401434
1753,10,71,25,0.4838709677419355
1754,7,53,16,0.4121863799283154
1755,12,98,30,0.49103942652329746
1756,7,53,15,0.3691756272401434
1757,17,125,38,0.4336917562724014
1758,7,41,13,0.2831541218637993
1759,9,56,19,0.3655913978494624
1760,11,76,23,0.3691756272401434
1761,14,94,33,0.4551971326164874
1762,14,128,37,0.5412186379928315
1763,18,146,43,0.48028673835125446
1764,47,345,111,0.5770609318996416
1765,12,97,29,0.4659498207885304
1766,12,91,28,0.4408602150537635
1767,15,102,30,0.3548387096774194
1768,17,114,37,0.41577060931899645
1769,12,97,29,0.4659498207885304
1770,12,91,28,0.4408602150537635
1771,15,102,30,0.3548387096774194
1772,17,114,37,0.41577060931899645
1773,12,97,29,0.4659498207885304
1774,12,91,28,0.4408602150537635
1775,15,102,30,0.3548387096774194
1776,17,114,37,0.41577060931899645
1777,12,97,29,0.4659498207885304
1778,12,91,28,0.4408602150537635
1779,15,102,30,0.3548387096774194
1780,17,114,37,0.41577060931899645
1781,21,163,47,0.4444444444444444
1782,20,134,39,0.3584229390681004
1783,8,44,14,0.2544802867383512
1784,8,43,14,0.2544802867383512
1785,8,44,14,0.2544802867383512
1786,8,43,14,0.2544802867383512
1787,8,44,14,0.2544802867383512
1788,8,43,14,0.2544802867383512
1789,5,35,10,0.31899641577060933
1790,20,138,43,0.4193548387096774
1791,21,130,43,0.3906810035842294
1792,5,35,10,0.31899641577060933
1793,20,138,43,0.4193548387096774
1794,21,130,43,0.3906810035842294
1795,5,35,10,0.31899641577060933
1796,20,138,43,0.4193548387096774
1797,21,130,43,0.3906810035842294
1798,5,35,10,0.31899641577060933
1799,20,138,43,0.4193548387096774
1800,8,48,18,0.40501792114695345
1801,19,134,44,0.4623655913978495
1802,22,144,47,0.4229390681003584
1803,22,171,52,0.48745519713261654
1804,23,162,54,0.48745519713261654
1805,17,136,46,0.5734767025089607
1806,10,83,30,0.6379928315412187
1807,14,93,31,0.41577060931899645
1808,3,32,10,0.7132616487455197
1809,10,83,30,0.6379928315412187
1810,14,93,31,0.41577060931899645
1811,3,32,10,0.7132616487455197
1812,10,83,30,0.6379928315412187
1813,14,93,31,0.41577060931899645
1814,13,90,24,0.30107526881720426
1815,11,79,21,0.31182795698924726
1816,11,57,15,0.1469534050179212
1817,16,96,31,0.34050179211469533
1818,11,72,22,0.34050179211469533
1819,9,63,18,0.33333333333333337
1820,31,185,56,0.3548387096774194
1821,9,63,18,0.33333333333333337
1822,31,185,56,0.3548387096774194
1823,13,100,29,0.4193548387096774
1824,15,107,35,0.4516129032258065
1825,11,75,22,0.34050179211469533
1826,15,107,35,0.4516129032258065
1827,2,4,2,0.0035842293906810374
1828,1,1,1,0.0
1829,18,125,38,0.4014336917562724
1830,8,54,15,0.29032258064516125
1831,6,33,9,0.17204301075268813
1832,6,35,11,0.2724014336917563
1833,14,93,28,0.35125448028673834
1834,8,54,15,0.29032258064516125
1835,6,33,9,0.17204301075268813
1836,6,35,11,0.2724014336917563
1837,14,93,28,0.35125448028673834
1838,8,54,15,0.29032258064516125
1839,6,33,9,0.17204301075268813
1840,6,35,11,0.2724014336917563
1841,14,93,28,0.35125448028673834
1842,8,54,15,0.29032258064516125
1843,6,33,9,0.17204301075268813
1844,6,35,11,0.2724014336917563
1845,9,61,21,0.4336917562724014
1846,8,48,15,0.29032258064516125
1847,15,95,27,0.2939068100358423
1848,9,55,15,0.2329749103942652
1849,10,54,14,0.15412186379928317
1850,17,107,30,0.29032258064516125
1851,9,55,15,0.2329749103942652
1852,10,54,14,0.15412186379928317
1853,17,107,30,0.29032258064516125
1854,9,55,15,0.2329749103942652
1855,10,54,14,0.15412186379928317
1856,17,107,30,0.29032258064516125
1857,9,55,15,0.2329749103942652
1858,10,54,14,0.15412186379928317
1859,11,69,19,0.25806451612903225
1860,13,89,25,0.3261648745519713
1861,8,53,17,0.3691756272401434
1862,15,77,24,0.2329749103942652
1863,9,57,16,0.2652329749103942
1864,13,89,25,0.3261648745519713
1865,8,53,17,0.3691756272401434
1866,15,77,24,0.2329749103942652
1867,9,57,16,0.2652329749103942
1868,13,89,25,0.3261648745519713
1869,8,53,17,0.3691756272401434
1870,15,77,24,0.2329749103942652
1871,9,57,16,0.2652329749103942
1872,13,89,25,0.3261648745519713
1873,8,53,17,0.3691756272401434
1874,15,77,24,0.2329749103942652
1875,21,141,43,0.3906810035842294
1876,15,80,24,0.2329749103942652
1877,1,1,1,0.0
1878,5,33,12,0.43727598566308246
1879,15,80,24,0.2329749103942652
1880,1,1,1,0.0
1881,5,33,12,0.43727598566308246
1882,8,53,16,0.32974910394265233
1883,13,85,31,0.4623655913978495
1884,5,41,10,0.31899641577060933
1885,3,23,9,0.6129032258064516
1886,5,41,10,0.31899641577060933
1887,12,87,27,0.4193548387096774
1888,15,100,31,0.3763440860215054
1889,15,106,32,0.39426523297491034
1890,29,224,66,0.48745519713261654
1891,32,236,73,0.49820788530465954
1892,16,118,40,0.5053763440860215
1893,14,90,30,0.39426523297491034
1894,8,51,17,0.3691756272401434
1895,4,34,9,0.3906810035842294
1896,8,51,17,0.3691756272401434
1897,4,34,9,0.3906810035842294
1898,16,114,40,0.5053763440860215
1899,18,143,47,0.5483870967741935
1900,16,114,40,0.5053763440860215
1901,18,143,47,0.5483870967741935
1902,15,106,35,0.4516129032258065
1903,12,75,24,0.34408602150537637
1904,12,80,26,0.39426523297491034
1905,5,31,10,0.31899641577060933
1906,12,80,26,0.39426523297491034
1907,7,48,17,0.4516129032258065
1908,4,23,5,0.08602150537634412
1909,14,90,28,0.35125448028673834
1910,4,23,5,0.08602150537634412
1911,14,90,28,0.35125448028673834
1912,7,38,13,0.2831541218637993
1913,12,76,24,0.34408602150537637
1914,17,112,34,0.36200716845878134
1915,12,62,21,0.26881720430107525
1916,7,43,15,0.3691756272401434
1917,13,72,24,0.30107526881720426
1918,16,94,28,0.2831541218637993
1919,10,66,25,0.4838709677419355
1920,7,40,10,0.15412186379928317
1921,6,42,16,0.5197132616487455
1922,24,157,54,0.45878136200716846
1923,14,100,32,0.4336917562724014
1924,3,25,8,0.5089605734767024
1925,10,66,25,0.4838709677419355
1926,7,40,10,0.15412186379928317
1927,6,42,16,0.5197132616487455
1928,24,157,54,0.45878136200716846
1929,14,100,32,0.4336917562724014
1930,3,25,8,0.5089605734767024
1931,10,66,25,0.4838709677419355
1932,7,40,10,0.15412186379928317
1933,6,42,16,0.5197132616487455
1934,24,157,54,0.45878136200716846
1935,14,100,32,0.4336917562724014
1936,3,25,8,0.5089605734767024
1937,10,66,25,0.4838709677419355
1938,7,40,10,0.15412186379928317
1939,6,42,16,0.5197132616487455
1940,24,157,54,0.45878136200716846
1941,14,100,32,0.4336917562724014
1942,3,25,8,0.5089605734767024
1943,10,66,25,0.4838709677419355
1944,7,40,10,0.15412186379928317
1945,6,42,16,0.5197132616487455
1946,24,157,54,0.45878136200716846
1947,14,100,32,0.4336917562724014
1948,3,25,8,0.5089605734767024
1949,10,66,25,0.4838709677419355
1950,7,40,10,0.15412186379928317
1951,6,42,16,0.5197132616487455
1952,24,157,54,0.45878136200716846
1953,14,100,32,0.4336917562724014
1954,34,187,57,0.3261648745519713
1955,21,136,39,0.33333333333333337
1956,8,45,15,0.29032258064516125
1957,7,43,14,0.3261648745519713
1958,17,93,28,0.2544802867383512
1959,8,43,14,0.2544802867383512
1960,8,46,13,0.21505376344086025
1961,8,43,14,0.2544802867383512
1962,41,248,69,0.3548387096774194
1963,28,152,47,0.3046594982078853
1964,9,50,15,0.2329749103942652
1965,21,110,32,0.2329749103942652
1966,12,82,24,0.34408602150537637
1967,5,35,10,0.31899641577060933
1968,11,69,21,0.31182795698924726
1969,10,75,22,0.3978494623655914
1970,11,69,21,0.31182795698924726
1971,10,75,22,0.3978494623655914
1972,16,82,26,0.2437275985663082
1973,3,15,5,0.2114695340501792
1974,7,50,15,0.3691756272401434
1975,12,65,20,0.2437275985663082
1976,3,15,5,0.2114695340501792
1977,7,50,15,0.3691756272401434
1978,12,65,20,0.2437275985663082
1979,3,15,5,0.2114695340501792
1980,7,50,15,0.3691756272401434
1981,37,231,76,0.44802867383512546
1982,40,246,81,0.4516129032258065
1983,7,26,10,0.15412186379928317
1984,17,94,32,0.3261648745519713
1985,4,11,5,0.08602150537634412
1986,17,94,32,0.3261648745519713
1987,8,46,14,0.2544802867383512
1988,18,104,29,0.24731182795698925
1989,17,122,38,0.4336917562724014
1990,10,50,13,0.1254480286738351
1991,6,23,8,0.12186379928315416
1992,17,122,38,0.4336917562724014
1993,10,50,13,0.1254480286738351
1994,6,23,8,0.12186379928315416
1995,17,122,38,0.4336917562724014
1996,10,50,13,0.1254480286738351
1997,6,23,8,0.12186379928315416
1998,8,58,17,0.3691756272401434
1999,5,28,11,0.3799283154121864
2000,17,105,30,0.29032258064516125
2001,14,88,26,0.30824372759856633
2002,9,74,25,0.5663082437275986
2003,15,85,26,0.2759856630824373
2004,14,88,26,0.30824372759856633
2005,9,74,25,0.5663082437275986
2006,15,85,26,0.2759856630824373
2007,14,88,26,0.30824372759856633
2008,9,74,25,0.5663082437275986
2009,7,50,14,0.3261648745519713
2010,19,133,47,0.5089605734767024
2011,19,144,50,0.5591397849462365
2012,7,50,14,0.3261648745519713
2013,19,133,47,0.5089605734767024
2014,19,144,50,0.5591397849462365
2015,7,50,14,0.3261648745519713
2016,19,133,47,0.5089605734767024
2017,19,144,50,0.5591397849462365
2018,16,140,49,0.6774193548387097
2019,11,74,23,0.3691756272401434
2020,6,49,15,0.46953405017921146
2021,11,74,23,0.3691756272401434
2022,6,50,16,0.5197132616487455
2023,2,12,4,0.30824372759856633
2024,1,4,1,0.0
2025,5,25,7,0.1362007168458781
2026,5,49,13,0.49820788530465954
2027,2,5,2,0.0035842293906810374
2028,3,32,10,0.7132616487455197
2029,2,12,4,0.30824372759856633
2030,1,4,1,0.0
2031,5,25,7,0.1362007168458781
2032,5,49,13,0.49820788530465954
2033,2,5,2,0.0035842293906810374
2034,3,32,10,0.7132616487455197
2035,2,12,4,0.30824372759856633
2036,1,4,1,0.0
2037,5,25,7,0.1362007168458781
2038,5,49,13,0.49820788530465954
2039,2,5,2,0.0035842293906810374
2040,3,32,10,0.7132616487455197
2041,7,72,21,0.6272401433691757
2042,6,57,17,0.5698924731182795
2043,17,98,36,0.3978494623655914
2044,21,157,46,0.4336917562724014
2045,2,12,4,0.30824372759856633
2046,15,130,44,0.6344086021505376
2047,6,31,10,0.2222222222222222
2048,5,37,11,0.3799283154121864
2049,1,3,1,0.0
2050,5,44,13,0.49820788530465954
2051,3,14,3,0.007168458781361964
2052,3,16,6,0.31182795698924726
2053,2,17,4,0.30824372759856633
2054,1,3,1,0.0
2055,5,44,13,0.49820788530465954
2056,3,14,3,0.007168458781361964
2057,3,16,6,0.31182795698924726
2058,2,17,4,0.30824372759856633
2059,1,3,1,0.0
2060,5,44,13,0.49820788530465954
2061,3,14,3,0.007168458781361964
2062,3,16,6,0.31182795698924726
2063,2,17,4,0.30824372759856633
2064,9,87,22,0.4659498207885304
2065,8,52,13,0.21505376344086025
2066,3,17,4,0.11111111111111116
2067,3,23,7,0.4121863799283154
2068,2,11,4,0.30824372759856633
2069,8,52,13,0.21505376344086025
2070,3,17,4,0.11111111111111116
2071,3,23,7,0.4121863799283154
2072,2,11,4,0.30824372759856633
2073,8,52,13,0.21505376344086025
2074,3,17,4,0.11111111111111116
2075,3,23,7,0.4121863799283154
2076,4,24,7,0.24014336917562729
2077,13,108,33,0.5089605734767024
2078,4,25,6,0.16487455197132617
2079,4,40,12,0.6164874551971327
2080,5,44,12,0.43727598566308246
2081,1,4,1,0.0
2082,8,61,17,0.3691756272401434
2083,5,23,7,0.1362007168458781
2084,1,4,1,0.0
2085,8,61,17,0.3691756272401434
2086,4,26,9,0.3906810035842294
2087,2,7,3,0.1577060931899642
2088,1,1,1,0.0
2089,2,11,4,0.30824372759856633
2090,1,1,1,0.0
2091,2,8,4,0.30824372759856633
2092,1,1,1,0.0
2093,1,4,1,0.0
2094,10,58,17,0.24731182795698925
2095,4,41,12,0.6164874551971327
2096,16,97,22,0.1684587813620072
2097,1,3,1,0.0
2098,1,4,1,0.0
2099,1,3,1,0.0
2100,2,17,4,0.30824372759856633
2101,6,34,10,0.2222222222222222
2102,9,61,17,0.30107526881720426
2103,6,55,15,0.46953405017921146
2104,7,58,16,0.4121863799283154
2105,9,74,21,0.4336917562724014
2106,1,2,1,0.0
2107,1,2,1,0.0
2108,1,2,1,0.0
2109,2,10,2,0.0035842293906810374
2110,2,17,4,0.30824372759856633
2111,6,30,9,0.17204301075268813
2112,40,304,90,0.5197132616487455
2113,14,107,32,0.4336917562724014
2114,6,18,6,0.017921146953404965
2115,1,3,1,0.0
2116,2,12,3,0.1577060931899642
2117,9,55,16,0.2652329749103942
2118,6,26,8,0.12186379928315416
2119,4,36,8,0.3154121863799283
2120,37,245,76,0.44802867383512546
2121,1,7,1,0.0
2122,1,9,4,0.9068100358422939
2123,1,9,3,0.6021505376344086
2124,44,394,117,0.6559139784946236
2125,8,39,13,0.21505376344086025
2126,4,16,5,0.08602150537634412
2127,6,51,19,0.6738351254480286
2128,2,21,8,0.910394265232975
2129,26,176,54,0.4193548387096774
2130,13,100,32,0.4838709677419355
2131,13,98,31,0.4623655913978495
2132,2,19,5,0.4551971326164874
2133,20,121,45,0.4444444444444444
2134,22,149,44,0.3799283154121864
2135,10,64,21,0.3655913978494624
2136,7,47,14,0.3261648745519713
2137,16,90,27,0.2652329749103942
2138,10,64,21,0.3655913978494624
2139,7,47,14,0.3261648745519713
2140,16,90,27,0.2652329749103942
2141,10,64,21,0.3655913978494624
2142,7,47,14,0.3261648745519713
2143,7,31,9,0.11111111111111116
2144,11,55,20,0.28673835125448033
2145,6,29,8,0.12186379928315416
2146,11,55,20,0.28673835125448033
2147,4,38,11,0.5376344086021505
2148,7,39,12,0.24014336917562729
2149,4,22,6,0.16487455197132617
2150,7,39,12,0.24014336917562729
2151,7,42,14,0.3261648745519713
2152,11,65,20,0.28673835125448033
2153,8,52,16,0.32974910394265233
2154,6,36,11,0.2724014336917563
2155,14,82,25,0.28673835125448033
2156,22,126,39,0.31182795698924726
2157,11,61,19,0.25806451612903225
2158,5,22,7,0.1362007168458781
2159,11,61,19,0.25806451612903225
2160,16,103,32,0.3584229390681004
2161,8,59,20,0.4767025089605734
2162,12,79,24,0.34408602150537637
2163,8,59,20,0.4767025089605734
2164,6,48,13,0.37275985663082434
2165,10,76,22,0.3978494623655914
2166,7,51,14,0.3261648745519713
2167,25,139,43,0.30824372759856633
2168,6,41,14,0.4229390681003584
2169,9,61,22,0.4659498207885304
2170,16,105,36,0.4336917562724014
2171,7,44,14,0.3261648745519713
2172,11,79,26,0.44802867383512546
2173,14,81,26,0.30824372759856633
2174,24,105,34,0.2114695340501792
2175,17,84,26,0.21863799283154117
2176,15,108,33,0.41577060931899645
2177,16,114,34,0.3978494623655914
2178,16,129,38,0.46953405017921146
2179,15,114,42,0.5949820788530467
2180,12,66,23,0.31899641577060933
2181,11,72,24,0.39426523297491034
2182,17,107,32,0.3261648745519713
2183,7,47,14,0.3261648745519713
2184,15,114,42,0.5949820788530467
2185,12,66,23,0.31899641577060933
2186,11,72,24,0.39426523297491034
2187,17,107,32,0.3261648745519713
2188,7,47,14,0.3261648745519713
2189,15,114,42,0.5949820788530467
2190,12,66,23,0.31899641577060933
2191,11,72,24,0.39426523297491034
2192,17,107,32,0.3261648745519713
2193,7,47,14,0.3261648745519713
2194,15,114,42,0.5949820788530467
2195,12,66,23,0.31899641577060933
2196,11,72,24,0.39426523297491034
2197,17,107,32,0.3261648745519713
2198,7,47,14,0.3261648745519713
2199,15,114,42,0.5949820788530467
2200,12,66,23,0.31899641577060933
2201,11,72,24,0.39426523297491034
2202,17,107,32,0.3261648745519713
2203,7,47,14,0.3261648745519713
2204,7,44,15,0.3691756272401434
2205,6,53,18,0.6236559139784946
2206,5,23,8,0.19713261648745517
2207,1,1,1,0.0
2208,10,63,20,0.3369175627240143
2209,6,53,18,0.6236559139784946
2210,5,23,8,0.19713261648745517
2211,1,1,1,0.0
2212,10,63,20,0.3369175627240143
2213,6,53,18,0.6236559139784946
2214,5,23,8,0.19713261648745517
2215,1,1,1,0.0
2216,10,63,20,0.3369175627240143
2217,6,53,18,0.6236559139784946
2218,5,23,8,0.19713261648745517
2219,1,1,1,0.0
2220,15,117,37,0.4946236559139785
2221,12,84,30,0.49103942652329746
2222,12,76,24,0.34408602150537637
2223,22,159,51,0.4731182795698925
2224,25,181,56,0.4623655913978495
2225,16,104,32,0.3584229390681004
2226,18,132,40,0.4336917562724014
2227,7,40,15,0.3691756272401434
2228,1,1,1,0.0
2229,30,261,81,0.6200716845878136
2230,4,40,12,0.6164874551971327
2231,3,33,8,0.5089605734767024
2232,4,19,5,0.08602150537634412
2233,2,2,2,0.0035842293906810374
2234,4,20,8,0.3154121863799283
2235,1,1,1,0.0
2236,4,15,5,0.08602150537634412
2237,4,19,5,0.08602150537634412
2238,2,2,2,0.0035842293906810374
2239,4,20,8,0.3154121863799283
2240,1,1,1,0.0
2241,4,29,8,0.3154121863799283
2242,4,28,10,0.4623655913978495
2243,2,6,2,0.0035842293906810374
2244,1,5,1,0.0
2245,22,178,50,0.45878136200716846
2246,4,19,5,0.08602150537634412
2247,2,2,2,0.0035842293906810374
2248,4,20,8,0.3154121863799283
2249,1,1,1,0.0
2250,4,15,5,0.08602150537634412
2251,4,19,5,0.08602150537634412
2252,2,2,2,0.0035842293906810374
2253,4,20,8,0.3154121863799283
2254,1,1,1,0.0
2255,5,30,9,0.25806451612903225
2256,8,89,29,0.8172043010752688
2257,1,7,3,0.6021505376344086
2258,13,91,21,0.2329749103942652
2259,1,1,1,0.0
2260,17,108,33,0.34408602150537637
2261,1,7,1,0.0
2262,1,9,4,0.9068100358422939
2263,1,9,3,0.6021505376344086
2264,27,255,79,0.6774193548387097
2265,8,39,13,0.21505376344086025
2266,4,16,5,0.08602150537634412
2267,6,51,19,0.6738351254480286
2268,2,21,8,0.910394265232975
2269,3,19,5,0.2114695340501792
2270,12,67,21,0.26881720430107525
2271,5,25,8,0.19713261648745517
2272,6,38,10,0.2222222222222222
2273,6,38,13,0.37275985663082434
2274,3,17,6,0.31182795698924726
2275,6,36,10,0.2222222222222222
2276,14,101,36,0.5197132616487455
2277,5,35,11,0.3799283154121864
2278,8,48,15,0.29032258064516125
2279,6,28,7,0.06810035842293904
2280,4,19,7,0.24014336917562729
2281,11,53,17,0.20430107526881724
2282,4,25,9,0.3906810035842294
2283,7,42,12,0.24014336917562729
2284,10,61,18,0.2759856630824373
2285,13,92,29,0.4193548387096774
2286,6,36,12,0.32258064516129037
2287,5,31,11,0.3799283154121864
2288,9,63,22,0.4659498207885304
2289,4,27,6,0.16487455197132617
2290,9,67,23,0.49820788530465954
2291,7,39,13,0.2831541218637993
2292,3,13,4,0.11111111111111116
2293,5,25,6,0.07526881720430112
2294,11,72,24,0.39426523297491034
2295,8,48,16,0.32974910394265233
2296,5,28,8,0.19713261648745517
2297,3,18,6,0.31182795698924726
2298,11,65,20,0.28673835125448033
2299,2,7,3,0.1577060931899642
2300,1,7,1,0.0
